run_id,commit,problem,backend,seed,variables,objectives,budget,batch_size,population_size,generations,initial_samples,hypervolume,igd,front_size,feasible_rate,wall_time_seconds,status,failure_reason,environment,notes,hypervolume_method,n_evaluations
zdt1-evolutionary-seed2,7803baa721a12ca19e26e700425fe7be94bfc3a4,zdt1,evolutionary,2,5,2,200,20,50,,,0.1343053040619735,0.6234163921794346,8,,0.5194577529999833,completed,,chapter4-cloud-agent-2026-08-27,Principal two-objective baseline; 5 variables match the repository smoke spec rather than the 30-variable canonical size.,exact_2d,200
zdt1-evolutionary-seed1,7803baa721a12ca19e26e700425fe7be94bfc3a4,zdt1,evolutionary,1,5,2,200,20,50,,,0.2759211054496251,0.4192671049645078,14,,0.5547360880000269,completed,,chapter4-cloud-agent-2026-08-27,Principal two-objective baseline; 5 variables match the repository smoke spec rather than the 30-variable canonical size.,exact_2d,200
zdt1-evolutionary-seed3,7803baa721a12ca19e26e700425fe7be94bfc3a4,zdt1,evolutionary,3,5,2,200,20,50,,,0.0,1.0648832922731284,9,,0.44491254900003696,completed,,chapter4-cloud-agent-2026-08-27,Principal two-objective baseline; 5 variables match the repository smoke spec rather than the 30-variable canonical size.,empty,200
zdt1-evolutionary-seed4,7803baa721a12ca19e26e700425fe7be94bfc3a4,zdt1,evolutionary,4,5,2,200,20,50,,,0.06658065054671022,0.7149717170165621,7,,0.49245414900002515,completed,,chapter4-cloud-agent-2026-08-27,Principal two-objective baseline; 5 variables match the repository smoke spec rather than the 30-variable canonical size.,exact_2d,200
zdt1-evolutionary-seed5,7803baa721a12ca19e26e700425fe7be94bfc3a4,zdt1,evolutionary,5,5,2,200,20,50,,,0.1770884657738076,0.4947635637871211,6,,0.5441789089999816,completed,,chapter4-cloud-agent-2026-08-27,Principal two-objective baseline; 5 variables match the repository smoke spec rather than the 30-variable canonical size.,exact_2d,200
zdt1-evolutionary-seed6,7803baa721a12ca19e26e700425fe7be94bfc3a4,zdt1,evolutionary,6,5,2,200,20,50,,,0.08278364384715613,0.6679787005276964,7,,0.5660947339999893,completed,,chapter4-cloud-agent-2026-08-27,Principal two-objective baseline; 5 variables match the repository smoke spec rather than the 30-variable canonical size.,exact_2d,200
zdt1-evolutionary-seed7,7803baa721a12ca19e26e700425fe7be94bfc3a4,zdt1,evolutionary,7,5,2,200,20,50,,,0.08255211156749093,0.7082641337101669,6,,0.5320995559999915,completed,,chapter4-cloud-agent-2026-08-27,Principal two-objective baseline; 5 variables match the repository smoke spec rather than the 30-variable canonical size.,exact_2d,200
zdt1-evolutionary-seed8,7803baa721a12ca19e26e700425fe7be94bfc3a4,zdt1,evolutionary,8,5,2,200,20,50,,,0.0,0.8536428164070525,6,,0.5967919609999512,completed,,chapter4-cloud-agent-2026-08-27,Principal two-objective baseline; 5 variables match the repository smoke spec rather than the 30-variable canonical size.,empty,200
zdt1-evolutionary-seed9,7803baa721a12ca19e26e700425fe7be94bfc3a4,zdt1,evolutionary,9,5,2,200,20,50,,,0.0,1.3252244180747914,8,,0.5299637330000451,completed,,chapter4-cloud-agent-2026-08-27,Principal two-objective baseline; 5 variables match the repository smoke spec rather than the 30-variable canonical size.,empty,200
zdt1-evolutionary-seed10,7803baa721a12ca19e26e700425fe7be94bfc3a4,zdt1,evolutionary,10,5,2,200,20,50,,,0.0,1.2280979040127726,4,,0.4467933290000019,completed,,chapter4-cloud-agent-2026-08-27,Principal two-objective baseline; 5 variables match the repository smoke spec rather than the 30-variable canonical size.,empty,200
zdt1-bayesian-seed1,7803baa721a12ca19e26e700425fe7be94bfc3a4,zdt1,bayesian,1,5,2,200,20,,,,0.2100000000000002,0.39212259944322403,15,,37.45345342500002,completed,,chapter4-cloud-agent-2026-08-27,Principal two-objective baseline; 5 variables match the repository smoke spec rather than the 30-variable canonical size.,exact_2d,200
zdt1-bayesian-seed2,7803baa721a12ca19e26e700425fe7be94bfc3a4,zdt1,bayesian,2,5,2,200,20,,,,0.11000000000000011,0.8395792398440185,3,,41.30841745199996,completed,,chapter4-cloud-agent-2026-08-27,Principal two-objective baseline; 5 variables match the repository smoke spec rather than the 30-variable canonical size.,exact_2d,200
zdt1-bayesian-seed3,7803baa721a12ca19e26e700425fe7be94bfc3a4,zdt1,bayesian,3,5,2,200,20,,,,0.4463078096651599,0.42204553651990845,4,,33.95419777400002,completed,,chapter4-cloud-agent-2026-08-27,Principal two-objective baseline; 5 variables match the repository smoke spec rather than the 30-variable canonical size.,exact_2d,200
zdt1-bayesian-seed4,7803baa721a12ca19e26e700425fe7be94bfc3a4,zdt1,bayesian,4,5,2,200,20,,,,0.12539170717486095,0.5755071466863134,5,,32.63861839799995,completed,,chapter4-cloud-agent-2026-08-27,Principal two-objective baseline; 5 variables match the repository smoke spec rather than the 30-variable canonical size.,exact_2d,200
zdt1-bayesian-seed5,7803baa721a12ca19e26e700425fe7be94bfc3a4,zdt1,bayesian,5,5,2,200,20,,,,0.5114462319160631,0.23883674853426093,9,,22.703482915999984,completed,,chapter4-cloud-agent-2026-08-27,Principal two-objective baseline; 5 variables match the repository smoke spec rather than the 30-variable canonical size.,exact_2d,200
zdt1-bayesian-seed6,7803baa721a12ca19e26e700425fe7be94bfc3a4,zdt1,bayesian,6,5,2,200,20,,,,0.11637694153837108,0.6863726343741178,3,,22.448581675000014,completed,,chapter4-cloud-agent-2026-08-27,Principal two-objective baseline; 5 variables match the repository smoke spec rather than the 30-variable canonical size.,exact_2d,200
zdt1-bayesian-seed8,7803baa721a12ca19e26e700425fe7be94bfc3a4,zdt1,bayesian,8,5,2,200,20,,,,0.45176467189495373,0.2626859878802675,12,,19.835087580999925,completed,,chapter4-cloud-agent-2026-08-27,Principal two-objective baseline; 5 variables match the repository smoke spec rather than the 30-variable canonical size.,exact_2d,200
zdt1-bayesian-seed7,7803baa721a12ca19e26e700425fe7be94bfc3a4,zdt1,bayesian,7,5,2,200,20,,,,0.5272160670319264,0.24768853414410041,5,,22.684342643000036,completed,,chapter4-cloud-agent-2026-08-27,Principal two-objective baseline; 5 variables match the repository smoke spec rather than the 30-variable canonical size.,exact_2d,200
zdt1-bayesian-seed10,7803baa721a12ca19e26e700425fe7be94bfc3a4,zdt1,bayesian,10,5,2,200,20,,,,0.2826810003244461,0.37864953751596625,2,,27.39099037299991,completed,,chapter4-cloud-agent-2026-08-27,Principal two-objective baseline; 5 variables match the repository smoke spec rather than the 30-variable canonical size.,exact_2d,200
zdt1-bayesian-seed9,7803baa721a12ca19e26e700425fe7be94bfc3a4,zdt1,bayesian,9,5,2,200,20,,,,0.19492652627912044,0.5186464335587264,7,,29.556588110999996,completed,,chapter4-cloud-agent-2026-08-27,Principal two-objective baseline; 5 variables match the repository smoke spec rather than the 30-variable canonical size.,exact_2d,200
zdt1-hybrid-seed1,7803baa721a12ca19e26e700425fe7be94bfc3a4,zdt1,hybrid,1,5,2,200,20,50,,,0.0,1.5534443653473096,15,,30.47639424500005,completed,,chapter4-cloud-agent-2026-08-27,Principal two-objective baseline; 5 variables match the repository smoke spec rather than the 30-variable canonical size.,empty,200
zdt1-hybrid-seed2,7803baa721a12ca19e26e700425fe7be94bfc3a4,zdt1,hybrid,2,5,2,200,20,50,,,0.13108648014642715,0.627413136496777,17,,30.70703874800006,completed,,chapter4-cloud-agent-2026-08-27,Principal two-objective baseline; 5 variables match the repository smoke spec rather than the 30-variable canonical size.,exact_2d,200
zdt1-hybrid-seed3,7803baa721a12ca19e26e700425fe7be94bfc3a4,zdt1,hybrid,3,5,2,200,20,50,,,0.0,1.0606357178692642,11,,29.559245222999948,completed,,chapter4-cloud-agent-2026-08-27,Principal two-objective baseline; 5 variables match the repository smoke spec rather than the 30-variable canonical size.,empty,200
zdt1-hybrid-seed4,7803baa721a12ca19e26e700425fe7be94bfc3a4,zdt1,hybrid,4,5,2,200,20,50,,,0.0,0.9086935629217533,6,,42.18645991699998,completed,,chapter4-cloud-agent-2026-08-27,Principal two-objective baseline; 5 variables match the repository smoke spec rather than the 30-variable canonical size.,empty,200
zdt1-hybrid-seed5,7803baa721a12ca19e26e700425fe7be94bfc3a4,zdt1,hybrid,5,5,2,200,20,50,,,0.1628153800312455,0.5110350729075281,18,,35.57407451300003,completed,,chapter4-cloud-agent-2026-08-27,Principal two-objective baseline; 5 variables match the repository smoke spec rather than the 30-variable canonical size.,exact_2d,200
zdt1-hybrid-seed7,7803baa721a12ca19e26e700425fe7be94bfc3a4,zdt1,hybrid,7,5,2,200,20,50,,,0.1258044065777854,0.5103676064164602,8,,26.87347992699995,completed,,chapter4-cloud-agent-2026-08-27,Principal two-objective baseline; 5 variables match the repository smoke spec rather than the 30-variable canonical size.,exact_2d,200
zdt1-hybrid-seed6,7803baa721a12ca19e26e700425fe7be94bfc3a4,zdt1,hybrid,6,5,2,200,20,50,,,0.0,1.5687974988536957,5,,50.24627200300006,completed,,chapter4-cloud-agent-2026-08-27,Principal two-objective baseline; 5 variables match the repository smoke spec rather than the 30-variable canonical size.,empty,200
zdt1-hybrid-seed8,7803baa721a12ca19e26e700425fe7be94bfc3a4,zdt1,hybrid,8,5,2,200,20,50,,,0.0,1.618451752129489,14,,24.856540723999956,completed,,chapter4-cloud-agent-2026-08-27,Principal two-objective baseline; 5 variables match the repository smoke spec rather than the 30-variable canonical size.,empty,200
zdt1-hybrid-seed9,7803baa721a12ca19e26e700425fe7be94bfc3a4,zdt1,hybrid,9,5,2,200,20,50,,,0.12464826374361446,0.5875899193643941,6,,35.44438435799998,completed,,chapter4-cloud-agent-2026-08-27,Principal two-objective baseline; 5 variables match the repository smoke spec rather than the 30-variable canonical size.,exact_2d,200
zdt1-random-seed1,7803baa721a12ca19e26e700425fe7be94bfc3a4,zdt1,random,1,5,2,200,20,,,,0.0,0.8740174201782284,11,,0.018799862000037137,completed,,chapter4-cloud-agent-2026-08-27,Principal two-objective baseline; 5 variables match the repository smoke spec rather than the 30-variable canonical size.,empty,200
zdt1-random-seed2,7803baa721a12ca19e26e700425fe7be94bfc3a4,zdt1,random,2,5,2,200,20,,,,0.0,1.1764492541114693,7,,0.0185631540000486,completed,,chapter4-cloud-agent-2026-08-27,Principal two-objective baseline; 5 variables match the repository smoke spec rather than the 30-variable canonical size.,empty,200
zdt1-random-seed3,7803baa721a12ca19e26e700425fe7be94bfc3a4,zdt1,random,3,5,2,200,20,,,,0.0,0.9809945030761728,15,,0.018715925000037714,completed,,chapter4-cloud-agent-2026-08-27,Principal two-objective baseline; 5 variables match the repository smoke spec rather than the 30-variable canonical size.,empty,200
zdt1-random-seed4,7803baa721a12ca19e26e700425fe7be94bfc3a4,zdt1,random,4,5,2,200,20,,,,0.03424586591597275,0.7850437238910323,10,,0.027421187000072678,completed,,chapter4-cloud-agent-2026-08-27,Principal two-objective baseline; 5 variables match the repository smoke spec rather than the 30-variable canonical size.,exact_2d,200
zdt1-random-seed5,7803baa721a12ca19e26e700425fe7be94bfc3a4,zdt1,random,5,5,2,200,20,,,,0.0,0.8422450475134048,5,,0.030544102000021667,completed,,chapter4-cloud-agent-2026-08-27,Principal two-objective baseline; 5 variables match the repository smoke spec rather than the 30-variable canonical size.,empty,200
zdt1-random-seed6,7803baa721a12ca19e26e700425fe7be94bfc3a4,zdt1,random,6,5,2,200,20,,,,0.04247284109815883,0.7696337644314423,8,,0.018746865000025537,completed,,chapter4-cloud-agent-2026-08-27,Principal two-objective baseline; 5 variables match the repository smoke spec rather than the 30-variable canonical size.,exact_2d,200
zdt1-random-seed7,7803baa721a12ca19e26e700425fe7be94bfc3a4,zdt1,random,7,5,2,200,20,,,,0.05511514695117023,0.7516300550580778,4,,0.018535057000008237,completed,,chapter4-cloud-agent-2026-08-27,Principal two-objective baseline; 5 variables match the repository smoke spec rather than the 30-variable canonical size.,exact_2d,200
zdt1-random-seed8,7803baa721a12ca19e26e700425fe7be94bfc3a4,zdt1,random,8,5,2,200,20,,,,0.029335763020952938,0.816544222358645,6,,0.018389163000051667,completed,,chapter4-cloud-agent-2026-08-27,Principal two-objective baseline; 5 variables match the repository smoke spec rather than the 30-variable canonical size.,exact_2d,200
zdt1-random-seed9,7803baa721a12ca19e26e700425fe7be94bfc3a4,zdt1,random,9,5,2,200,20,,,,0.0,1.1631520889514773,5,,0.0183391189999611,completed,,chapter4-cloud-agent-2026-08-27,Principal two-objective baseline; 5 variables match the repository smoke spec rather than the 30-variable canonical size.,empty,200
zdt1-random-seed10,7803baa721a12ca19e26e700425fe7be94bfc3a4,zdt1,random,10,5,2,200,20,,,,0.0,1.0802056020066058,12,,0.01862238299997898,completed,,chapter4-cloud-agent-2026-08-27,Principal two-objective baseline; 5 variables match the repository smoke spec rather than the 30-variable canonical size.,empty,200
zdt2-evolutionary-seed1,7803baa721a12ca19e26e700425fe7be94bfc3a4,zdt2,evolutionary,1,5,2,200,20,50,,,0.0,1.0948977978870424,7,,0.6142033160000437,completed,,chapter4-cloud-agent-2026-08-27,Non-convex front; same dimensionality and budget as ZDT1.,empty,200
zdt2-evolutionary-seed2,7803baa721a12ca19e26e700425fe7be94bfc3a4,zdt2,evolutionary,2,5,2,200,20,50,,,0.0,1.5994882798856116,7,,0.5159844040000507,completed,,chapter4-cloud-agent-2026-08-27,Non-convex front; same dimensionality and budget as ZDT1.,empty,200
zdt2-evolutionary-seed3,7803baa721a12ca19e26e700425fe7be94bfc3a4,zdt2,evolutionary,3,5,2,200,20,50,,,0.0,1.3077008186869836,1,,0.5661849450000318,completed,,chapter4-cloud-agent-2026-08-27,Non-convex front; same dimensionality and budget as ZDT1.,empty,200
zdt2-evolutionary-seed4,7803baa721a12ca19e26e700425fe7be94bfc3a4,zdt2,evolutionary,4,5,2,200,20,50,,,0.0,1.7279168505597062,5,,0.5673004569999875,completed,,chapter4-cloud-agent-2026-08-27,Non-convex front; same dimensionality and budget as ZDT1.,empty,200
zdt2-evolutionary-seed5,7803baa721a12ca19e26e700425fe7be94bfc3a4,zdt2,evolutionary,5,5,2,200,20,50,,,0.0,0.9480295076664313,2,,0.5581362179999587,completed,,chapter4-cloud-agent-2026-08-27,Non-convex front; same dimensionality and budget as ZDT1.,empty,200
zdt2-evolutionary-seed6,7803baa721a12ca19e26e700425fe7be94bfc3a4,zdt2,evolutionary,6,5,2,200,20,50,,,0.0,1.2968604258975973,10,,0.4931307319999405,completed,,chapter4-cloud-agent-2026-08-27,Non-convex front; same dimensionality and budget as ZDT1.,empty,200
zdt2-evolutionary-seed7,7803baa721a12ca19e26e700425fe7be94bfc3a4,zdt2,evolutionary,7,5,2,200,20,50,,,0.0,1.168613844913478,6,,0.46718469799998275,completed,,chapter4-cloud-agent-2026-08-27,Non-convex front; same dimensionality and budget as ZDT1.,empty,200
zdt1-hybrid-seed10,7803baa721a12ca19e26e700425fe7be94bfc3a4,zdt1,hybrid,10,5,2,200,20,50,,,0.0,1.3436978589036586,6,,17.584582905000048,completed,,chapter4-cloud-agent-2026-08-27,Principal two-objective baseline; 5 variables match the repository smoke spec rather than the 30-variable canonical size.,empty,200
zdt2-evolutionary-seed8,7803baa721a12ca19e26e700425fe7be94bfc3a4,zdt2,evolutionary,8,5,2,200,20,50,,,0.0,1.5030173109997156,6,,0.660155666000037,completed,,chapter4-cloud-agent-2026-08-27,Non-convex front; same dimensionality and budget as ZDT1.,empty,200
zdt2-evolutionary-seed10,7803baa721a12ca19e26e700425fe7be94bfc3a4,zdt2,evolutionary,10,5,2,200,20,50,,,0.0,1.075523947811655,6,,0.4928417309999986,completed,,chapter4-cloud-agent-2026-08-27,Non-convex front; same dimensionality and budget as ZDT1.,empty,200
zdt2-evolutionary-seed9,7803baa721a12ca19e26e700425fe7be94bfc3a4,zdt2,evolutionary,9,5,2,200,20,50,,,0.0,1.7639145948114423,8,,0.5221907290000445,completed,,chapter4-cloud-agent-2026-08-27,Non-convex front; same dimensionality and budget as ZDT1.,empty,200
zdt2-bayesian-seed1,7803baa721a12ca19e26e700425fe7be94bfc3a4,zdt2,bayesian,1,5,2,200,20,,,,0.005744888318506503,0.6624651217645452,1,,20.630416276000005,completed,,chapter4-cloud-agent-2026-08-27,Non-convex front; same dimensionality and budget as ZDT1.,exact_2d,200
zdt2-bayesian-seed2,7803baa721a12ca19e26e700425fe7be94bfc3a4,zdt2,bayesian,2,5,2,200,20,,,,0.11000000000000011,0.6099662114387604,1,,24.290242771999942,completed,,chapter4-cloud-agent-2026-08-27,Non-convex front; same dimensionality and budget as ZDT1.,exact_2d,200
zdt2-bayesian-seed3,7803baa721a12ca19e26e700425fe7be94bfc3a4,zdt2,bayesian,3,5,2,200,20,,,,0.11000000000000011,0.6099662114387604,2,,11.810093853999888,completed,,chapter4-cloud-agent-2026-08-27,Non-convex front; same dimensionality and budget as ZDT1.,exact_2d,200
zdt2-bayesian-seed4,7803baa721a12ca19e26e700425fe7be94bfc3a4,zdt2,bayesian,4,5,2,200,20,,,,0.0,1.0635490568170207,3,,10.577908661999913,completed,,chapter4-cloud-agent-2026-08-27,Non-convex front; same dimensionality and budget as ZDT1.,empty,200
zdt2-bayesian-seed6,7803baa721a12ca19e26e700425fe7be94bfc3a4,zdt2,bayesian,6,5,2,200,20,,,,0.11000000000000011,0.6099662114387604,5,,20.293182461000015,completed,,chapter4-cloud-agent-2026-08-27,Non-convex front; same dimensionality and budget as ZDT1.,exact_2d,200
zdt2-bayesian-seed5,7803baa721a12ca19e26e700425fe7be94bfc3a4,zdt2,bayesian,5,5,2,200,20,,,,0.11608877064848196,0.4952270974494378,2,,23.120273438000027,completed,,chapter4-cloud-agent-2026-08-27,Non-convex front; same dimensionality and budget as ZDT1.,exact_2d,200
zdt2-bayesian-seed7,7803baa721a12ca19e26e700425fe7be94bfc3a4,zdt2,bayesian,7,5,2,200,20,,,,0.0,1.0706551554842916,2,,31.219279624000023,completed,,chapter4-cloud-agent-2026-08-27,Non-convex front; same dimensionality and budget as ZDT1.,empty,200
zdt2-bayesian-seed8,7803baa721a12ca19e26e700425fe7be94bfc3a4,zdt2,bayesian,8,5,2,200,20,,,,0.11000000000000011,0.6099662114387604,13,,34.580528327000025,completed,,chapter4-cloud-agent-2026-08-27,Non-convex front; same dimensionality and budget as ZDT1.,exact_2d,200
zdt2-bayesian-seed9,7803baa721a12ca19e26e700425fe7be94bfc3a4,zdt2,bayesian,9,5,2,200,20,,,,0.0,1.2221344969111896,2,,20.921528507999938,completed,,chapter4-cloud-agent-2026-08-27,Non-convex front; same dimensionality and budget as ZDT1.,empty,200
zdt2-bayesian-seed10,7803baa721a12ca19e26e700425fe7be94bfc3a4,zdt2,bayesian,10,5,2,200,20,,,,0.11000000000000011,0.6099662114387604,1,,20.73735040100007,completed,,chapter4-cloud-agent-2026-08-27,Non-convex front; same dimensionality and budget as ZDT1.,exact_2d,200
zdt2-hybrid-seed1,7803baa721a12ca19e26e700425fe7be94bfc3a4,zdt2,hybrid,1,5,2,200,20,50,,,0.0,1.7458331658670512,24,,25.19975095299992,completed,,chapter4-cloud-agent-2026-08-27,Non-convex front; same dimensionality and budget as ZDT1.,empty,200
zdt2-hybrid-seed2,7803baa721a12ca19e26e700425fe7be94bfc3a4,zdt2,hybrid,2,5,2,200,20,50,,,0.0,1.4262794989591476,4,,26.760522348999984,completed,,chapter4-cloud-agent-2026-08-27,Non-convex front; same dimensionality and budget as ZDT1.,empty,200
zdt2-hybrid-seed3,7803baa721a12ca19e26e700425fe7be94bfc3a4,zdt2,hybrid,3,5,2,200,20,50,,,0.0,1.723575318165253,4,,24.532437317000017,completed,,chapter4-cloud-agent-2026-08-27,Non-convex front; same dimensionality and budget as ZDT1.,empty,200
zdt2-hybrid-seed4,7803baa721a12ca19e26e700425fe7be94bfc3a4,zdt2,hybrid,4,5,2,200,20,50,,,0.0,1.656234219487402,4,,31.148209992000034,completed,,chapter4-cloud-agent-2026-08-27,Non-convex front; same dimensionality and budget as ZDT1.,empty,200
zdt2-hybrid-seed5,7803baa721a12ca19e26e700425fe7be94bfc3a4,zdt2,hybrid,5,5,2,200,20,50,,,0.0,1.2864536815593084,6,,33.194159637999974,completed,,chapter4-cloud-agent-2026-08-27,Non-convex front; same dimensionality and budget as ZDT1.,empty,200
zdt2-hybrid-seed6,7803baa721a12ca19e26e700425fe7be94bfc3a4,zdt2,hybrid,6,5,2,200,20,50,,,0.0,1.8800392531796293,4,,31.480581181000048,completed,,chapter4-cloud-agent-2026-08-27,Non-convex front; same dimensionality and budget as ZDT1.,empty,200
zdt2-hybrid-seed7,7803baa721a12ca19e26e700425fe7be94bfc3a4,zdt2,hybrid,7,5,2,200,20,50,,,0.0,1.0778377993273007,2,,37.52709886399998,completed,,chapter4-cloud-agent-2026-08-27,Non-convex front; same dimensionality and budget as ZDT1.,empty,200
zdt2-hybrid-seed8,7803baa721a12ca19e26e700425fe7be94bfc3a4,zdt2,hybrid,8,5,2,200,20,50,,,0.0,1.5467509358542049,6,,42.573925434999865,completed,,chapter4-cloud-agent-2026-08-27,Non-convex front; same dimensionality and budget as ZDT1.,empty,200
zdt2-hybrid-seed10,7803baa721a12ca19e26e700425fe7be94bfc3a4,zdt2,hybrid,10,5,2,200,20,50,,,0.0,1.598456642345252,5,,24.087078554999835,completed,,chapter4-cloud-agent-2026-08-27,Non-convex front; same dimensionality and budget as ZDT1.,empty,200
zdt2-random-seed1,7803baa721a12ca19e26e700425fe7be94bfc3a4,zdt2,random,1,5,2,200,20,,,,0.0,1.5907395896562395,7,,0.018502229999967312,completed,,chapter4-cloud-agent-2026-08-27,Non-convex front; same dimensionality and budget as ZDT1.,empty,200
zdt2-random-seed2,7803baa721a12ca19e26e700425fe7be94bfc3a4,zdt2,random,2,5,2,200,20,,,,0.0,1.8129857851069957,4,,0.01839976599990223,completed,,chapter4-cloud-agent-2026-08-27,Non-convex front; same dimensionality and budget as ZDT1.,empty,200
zdt2-random-seed3,7803baa721a12ca19e26e700425fe7be94bfc3a4,zdt2,random,3,5,2,200,20,,,,0.0,1.797598101209912,9,,0.01856938299988542,completed,,chapter4-cloud-agent-2026-08-27,Non-convex front; same dimensionality and budget as ZDT1.,empty,200
zdt2-random-seed4,7803baa721a12ca19e26e700425fe7be94bfc3a4,zdt2,random,4,5,2,200,20,,,,0.0,1.3981030907394052,7,,0.018375946999867665,completed,,chapter4-cloud-agent-2026-08-27,Non-convex front; same dimensionality and budget as ZDT1.,empty,200
zdt2-random-seed5,7803baa721a12ca19e26e700425fe7be94bfc3a4,zdt2,random,5,5,2,200,20,,,,0.0,1.3606079973591079,4,,0.01825406800003293,completed,,chapter4-cloud-agent-2026-08-27,Non-convex front; same dimensionality and budget as ZDT1.,empty,200
zdt2-random-seed6,7803baa721a12ca19e26e700425fe7be94bfc3a4,zdt2,random,6,5,2,200,20,,,,0.0,1.3682711546550699,6,,0.018988252000099237,completed,,chapter4-cloud-agent-2026-08-27,Non-convex front; same dimensionality and budget as ZDT1.,empty,200
zdt2-random-seed7,7803baa721a12ca19e26e700425fe7be94bfc3a4,zdt2,random,7,5,2,200,20,,,,0.0,1.3858991924551782,3,,0.01838751799982674,completed,,chapter4-cloud-agent-2026-08-27,Non-convex front; same dimensionality and budget as ZDT1.,empty,200
zdt2-random-seed8,7803baa721a12ca19e26e700425fe7be94bfc3a4,zdt2,random,8,5,2,200,20,,,,0.0,1.5320420613355763,5,,0.03040795799984153,completed,,chapter4-cloud-agent-2026-08-27,Non-convex front; same dimensionality and budget as ZDT1.,empty,200
zdt2-random-seed9,7803baa721a12ca19e26e700425fe7be94bfc3a4,zdt2,random,9,5,2,200,20,,,,0.0,1.663235652269056,4,,0.034286015999896335,completed,,chapter4-cloud-agent-2026-08-27,Non-convex front; same dimensionality and budget as ZDT1.,empty,200
zdt2-random-seed10,7803baa721a12ca19e26e700425fe7be94bfc3a4,zdt2,random,10,5,2,200,20,,,,0.0,2.005072000597988,6,,0.0305685830001039,completed,,chapter4-cloud-agent-2026-08-27,Non-convex front; same dimensionality and budget as ZDT1.,empty,200
zdt2-hybrid-seed9,7803baa721a12ca19e26e700425fe7be94bfc3a4,zdt2,hybrid,9,5,2,200,20,50,,,0.0,2.3607589036088537,15,,40.19874342900005,completed,,chapter4-cloud-agent-2026-08-27,Non-convex front; same dimensionality and budget as ZDT1.,empty,200
dtlz2-evolutionary-seed1,7803baa721a12ca19e26e700425fe7be94bfc3a4,dtlz2,evolutionary,1,12,3,200,20,50,,,0.08637771498408894,0.4700006854215757,37,,0.9714339120000659,completed,,chapter4-cloud-agent-2026-08-27,Three-objective spherical front; default n_variables = n_objectives + 10 - 1 = 12.,monte_carlo,200
dtlz2-evolutionary-seed2,7803baa721a12ca19e26e700425fe7be94bfc3a4,dtlz2,evolutionary,2,12,3,200,20,50,,,0.3322739270349317,0.39293123058775875,38,,1.0175461279998217,completed,,chapter4-cloud-agent-2026-08-27,Three-objective spherical front; default n_variables = n_objectives + 10 - 1 = 12.,monte_carlo,200
dtlz2-evolutionary-seed3,7803baa721a12ca19e26e700425fe7be94bfc3a4,dtlz2,evolutionary,3,12,3,200,20,50,,,0.2347008109625723,0.41079953167415567,24,,0.8667108290001124,completed,,chapter4-cloud-agent-2026-08-27,Three-objective spherical front; default n_variables = n_objectives + 10 - 1 = 12.,monte_carlo,200
dtlz2-evolutionary-seed4,7803baa721a12ca19e26e700425fe7be94bfc3a4,dtlz2,evolutionary,4,12,3,200,20,50,,,0.10959237399367953,0.5201808283810793,40,,0.8478517689998171,completed,,chapter4-cloud-agent-2026-08-27,Three-objective spherical front; default n_variables = n_objectives + 10 - 1 = 12.,monte_carlo,200
dtlz2-evolutionary-seed5,7803baa721a12ca19e26e700425fe7be94bfc3a4,dtlz2,evolutionary,5,12,3,200,20,50,,,0.19498551111271564,0.4425554003853989,49,,1.0387934860000314,completed,,chapter4-cloud-agent-2026-08-27,Three-objective spherical front; default n_variables = n_objectives + 10 - 1 = 12.,monte_carlo,200
dtlz2-evolutionary-seed6,7803baa721a12ca19e26e700425fe7be94bfc3a4,dtlz2,evolutionary,6,12,3,200,20,50,,,0.09329266824900635,0.5025386222352592,44,,0.8243766850000611,completed,,chapter4-cloud-agent-2026-08-27,Three-objective spherical front; default n_variables = n_objectives + 10 - 1 = 12.,monte_carlo,200
dtlz2-evolutionary-seed7,7803baa721a12ca19e26e700425fe7be94bfc3a4,dtlz2,evolutionary,7,12,3,200,20,50,,,0.21680174820509782,0.38546665573645683,48,,0.7991331939999782,completed,,chapter4-cloud-agent-2026-08-27,Three-objective spherical front; default n_variables = n_objectives + 10 - 1 = 12.,monte_carlo,200
dtlz2-evolutionary-seed8,7803baa721a12ca19e26e700425fe7be94bfc3a4,dtlz2,evolutionary,8,12,3,200,20,50,,,0.11963508772747374,0.5192584337631992,34,,0.8033608480000112,completed,,chapter4-cloud-agent-2026-08-27,Three-objective spherical front; default n_variables = n_objectives + 10 - 1 = 12.,monte_carlo,200
dtlz2-evolutionary-seed9,7803baa721a12ca19e26e700425fe7be94bfc3a4,dtlz2,evolutionary,9,12,3,200,20,50,,,0.22478205084794028,0.46237816166155016,33,,1.02173417899985,completed,,chapter4-cloud-agent-2026-08-27,Three-objective spherical front; default n_variables = n_objectives + 10 - 1 = 12.,monte_carlo,200
dtlz2-evolutionary-seed10,7803baa721a12ca19e26e700425fe7be94bfc3a4,dtlz2,evolutionary,10,12,3,200,20,50,,,0.22773198242513937,0.41577115150631916,34,,0.8577419210000699,completed,,chapter4-cloud-agent-2026-08-27,Three-objective spherical front; default n_variables = n_objectives + 10 - 1 = 12.,monte_carlo,200
dtlz2-bayesian-seed1,7803baa721a12ca19e26e700425fe7be94bfc3a4,dtlz2,bayesian,1,12,3,200,20,,,,0.0001730390115007746,0.6263833522940258,22,,49.58184384000015,completed,,chapter4-cloud-agent-2026-08-27,Three-objective spherical front; default n_variables = n_objectives + 10 - 1 = 12.,monte_carlo,200
dtlz2-bayesian-seed2,7803baa721a12ca19e26e700425fe7be94bfc3a4,dtlz2,bayesian,2,12,3,200,20,,,,0.3291000848357549,0.5038749794363095,27,,72.80867391699985,completed,,chapter4-cloud-agent-2026-08-27,Three-objective spherical front; default n_variables = n_objectives + 10 - 1 = 12.,monte_carlo,200
dtlz2-bayesian-seed3,7803baa721a12ca19e26e700425fe7be94bfc3a4,dtlz2,bayesian,3,12,3,200,20,,,,0.14499830580248452,0.5016301600138519,43,,63.315682713000115,completed,,chapter4-cloud-agent-2026-08-27,Three-objective spherical front; default n_variables = n_objectives + 10 - 1 = 12.,monte_carlo,200
dtlz2-bayesian-seed4,7803baa721a12ca19e26e700425fe7be94bfc3a4,dtlz2,bayesian,4,12,3,200,20,,,,0.07518264876839212,0.5879919560630396,23,,66.59437392199993,completed,,chapter4-cloud-agent-2026-08-27,Three-objective spherical front; default n_variables = n_objectives + 10 - 1 = 12.,monte_carlo,200
dtlz2-bayesian-seed5,7803baa721a12ca19e26e700425fe7be94bfc3a4,dtlz2,bayesian,5,12,3,200,20,,,,0.2121359801571398,0.47576053183424927,29,,52.96062694800003,completed,,chapter4-cloud-agent-2026-08-27,Three-objective spherical front; default n_variables = n_objectives + 10 - 1 = 12.,monte_carlo,200
dtlz2-bayesian-seed6,7803baa721a12ca19e26e700425fe7be94bfc3a4,dtlz2,bayesian,6,12,3,200,20,,,,0.17477856,0.5700311862877278,33,,61.991378747,completed,,chapter4-cloud-agent-2026-08-27,Three-objective spherical front; default n_variables = n_objectives + 10 - 1 = 12.,monte_carlo,200
dtlz2-bayesian-seed7,7803baa721a12ca19e26e700425fe7be94bfc3a4,dtlz2,bayesian,7,12,3,200,20,,,,0.04040435949228242,0.630835974847264,12,,69.98621353700014,completed,,chapter4-cloud-agent-2026-08-27,Three-objective spherical front; default n_variables = n_objectives + 10 - 1 = 12.,monte_carlo,200
dtlz2-bayesian-seed8,7803baa721a12ca19e26e700425fe7be94bfc3a4,dtlz2,bayesian,8,12,3,200,20,,,,0.021388979978359292,0.6238392442721411,50,,68.47602757599998,completed,,chapter4-cloud-agent-2026-08-27,Three-objective spherical front; default n_variables = n_objectives + 10 - 1 = 12.,monte_carlo,200
dtlz2-bayesian-seed9,7803baa721a12ca19e26e700425fe7be94bfc3a4,dtlz2,bayesian,9,12,3,200,20,,,,0.19400216446302893,0.43699744666645574,35,,66.95505886000001,completed,,chapter4-cloud-agent-2026-08-27,Three-objective spherical front; default n_variables = n_objectives + 10 - 1 = 12.,monte_carlo,200
dtlz2-bayesian-seed10,7803baa721a12ca19e26e700425fe7be94bfc3a4,dtlz2,bayesian,10,12,3,200,20,,,,0.39510526615905284,0.40796516294620266,46,,54.96191114299995,completed,,chapter4-cloud-agent-2026-08-27,Three-objective spherical front; default n_variables = n_objectives + 10 - 1 = 12.,monte_carlo,200
dtlz2-hybrid-seed1,7803baa721a12ca19e26e700425fe7be94bfc3a4,dtlz2,hybrid,1,12,3,200,20,50,,,0.030111910323163123,0.5972556807139755,19,,55.322058264999896,completed,,chapter4-cloud-agent-2026-08-27,Three-objective spherical front; default n_variables = n_objectives + 10 - 1 = 12.,monte_carlo,200
dtlz2-hybrid-seed2,7803baa721a12ca19e26e700425fe7be94bfc3a4,dtlz2,hybrid,2,12,3,200,20,50,,,0.21238873594157004,0.4256277778651029,27,,49.162113111999815,completed,,chapter4-cloud-agent-2026-08-27,Three-objective spherical front; default n_variables = n_objectives + 10 - 1 = 12.,monte_carlo,200
dtlz2-hybrid-seed3,7803baa721a12ca19e26e700425fe7be94bfc3a4,dtlz2,hybrid,3,12,3,200,20,50,,,0.1435645500031115,0.5222097175012433,39,,43.7426264610001,completed,,chapter4-cloud-agent-2026-08-27,Three-objective spherical front; default n_variables = n_objectives + 10 - 1 = 12.,monte_carlo,200
dtlz2-hybrid-seed4,7803baa721a12ca19e26e700425fe7be94bfc3a4,dtlz2,hybrid,4,12,3,200,20,50,,,0.27165931662003245,0.44701735415567545,33,,44.08956239999998,completed,,chapter4-cloud-agent-2026-08-27,Three-objective spherical front; default n_variables = n_objectives + 10 - 1 = 12.,monte_carlo,200
dtlz2-hybrid-seed5,7803baa721a12ca19e26e700425fe7be94bfc3a4,dtlz2,hybrid,5,12,3,200,20,50,,,0.120453169019142,0.5230124734701387,22,,50.58952732900002,completed,,chapter4-cloud-agent-2026-08-27,Three-objective spherical front; default n_variables = n_objectives + 10 - 1 = 12.,monte_carlo,200
dtlz2-hybrid-seed6,7803baa721a12ca19e26e700425fe7be94bfc3a4,dtlz2,hybrid,6,12,3,200,20,50,,,0.0442926710932294,0.613216789341425,23,,40.76968499999998,completed,,chapter4-cloud-agent-2026-08-27,Three-objective spherical front; default n_variables = n_objectives + 10 - 1 = 12.,monte_carlo,200
dtlz2-hybrid-seed7,7803baa721a12ca19e26e700425fe7be94bfc3a4,dtlz2,hybrid,7,12,3,200,20,50,,,0.09877912223120924,0.4921370217949777,31,,43.940710842000044,completed,,chapter4-cloud-agent-2026-08-27,Three-objective spherical front; default n_variables = n_objectives + 10 - 1 = 12.,monte_carlo,200
dtlz2-hybrid-seed8,7803baa721a12ca19e26e700425fe7be94bfc3a4,dtlz2,hybrid,8,12,3,200,20,50,,,0.2298772182732807,0.45683418488000654,19,,48.21495449899999,completed,,chapter4-cloud-agent-2026-08-27,Three-objective spherical front; default n_variables = n_objectives + 10 - 1 = 12.,monte_carlo,200
dtlz2-hybrid-seed9,7803baa721a12ca19e26e700425fe7be94bfc3a4,dtlz2,hybrid,9,12,3,200,20,50,,,0.15261933489042534,0.5089657378787417,27,,40.42140805600002,completed,,chapter4-cloud-agent-2026-08-27,Three-objective spherical front; default n_variables = n_objectives + 10 - 1 = 12.,monte_carlo,200
dtlz2-random-seed1,7803baa721a12ca19e26e700425fe7be94bfc3a4,dtlz2,random,1,12,3,200,20,,,,0.14145218705385643,0.4840426159308528,58,,0.4641546559998915,completed,,chapter4-cloud-agent-2026-08-27,Three-objective spherical front; default n_variables = n_objectives + 10 - 1 = 12.,monte_carlo,200
dtlz2-random-seed2,7803baa721a12ca19e26e700425fe7be94bfc3a4,dtlz2,random,2,12,3,200,20,,,,0.08532122891200217,0.5094768865716855,47,,0.2798967300000186,completed,,chapter4-cloud-agent-2026-08-27,Three-objective spherical front; default n_variables = n_objectives + 10 - 1 = 12.,monte_carlo,200
dtlz2-random-seed3,7803baa721a12ca19e26e700425fe7be94bfc3a4,dtlz2,random,3,12,3,200,20,,,,0.1693341957656358,0.43570648646323,37,,0.38797395400001733,completed,,chapter4-cloud-agent-2026-08-27,Three-objective spherical front; default n_variables = n_objectives + 10 - 1 = 12.,monte_carlo,200
dtlz2-random-seed4,7803baa721a12ca19e26e700425fe7be94bfc3a4,dtlz2,random,4,12,3,200,20,,,,0.1680208011188316,0.46734277702533283,53,,0.3380386250000811,completed,,chapter4-cloud-agent-2026-08-27,Three-objective spherical front; default n_variables = n_objectives + 10 - 1 = 12.,monte_carlo,200
dtlz2-random-seed5,7803baa721a12ca19e26e700425fe7be94bfc3a4,dtlz2,random,5,12,3,200,20,,,,0.1602525708220001,0.46670360240964126,56,,0.3043425099999695,completed,,chapter4-cloud-agent-2026-08-27,Three-objective spherical front; default n_variables = n_objectives + 10 - 1 = 12.,monte_carlo,200
dtlz2-random-seed6,7803baa721a12ca19e26e700425fe7be94bfc3a4,dtlz2,random,6,12,3,200,20,,,,0.18877469814016853,0.48250491600676226,46,,0.47935557800019524,completed,,chapter4-cloud-agent-2026-08-27,Three-objective spherical front; default n_variables = n_objectives + 10 - 1 = 12.,monte_carlo,200
dtlz2-random-seed7,7803baa721a12ca19e26e700425fe7be94bfc3a4,dtlz2,random,7,12,3,200,20,,,,0.2201774501603349,0.4612441840543891,54,,0.4529465469997831,completed,,chapter4-cloud-agent-2026-08-27,Three-objective spherical front; default n_variables = n_objectives + 10 - 1 = 12.,monte_carlo,200
dtlz2-random-seed8,7803baa721a12ca19e26e700425fe7be94bfc3a4,dtlz2,random,8,12,3,200,20,,,,0.2839321051741558,0.3971847098642046,51,,0.47557554800005164,completed,,chapter4-cloud-agent-2026-08-27,Three-objective spherical front; default n_variables = n_objectives + 10 - 1 = 12.,monte_carlo,200
dtlz2-random-seed9,7803baa721a12ca19e26e700425fe7be94bfc3a4,dtlz2,random,9,12,3,200,20,,,,0.20966036014124154,0.459051984538346,43,,0.36314132799998333,completed,,chapter4-cloud-agent-2026-08-27,Three-objective spherical front; default n_variables = n_objectives + 10 - 1 = 12.,monte_carlo,200
dtlz2-random-seed10,7803baa721a12ca19e26e700425fe7be94bfc3a4,dtlz2,random,10,12,3,200,20,,,,0.1032725073724125,0.4860790058182712,63,,0.4631390559998181,completed,,chapter4-cloud-agent-2026-08-27,Three-objective spherical front; default n_variables = n_objectives + 10 - 1 = 12.,monte_carlo,200
dtlz2-hybrid-seed10,7803baa721a12ca19e26e700425fe7be94bfc3a4,dtlz2,hybrid,10,12,3,200,20,50,,,0.19447840102324587,0.52322583207935,21,,45.73168921499996,completed,,chapter4-cloud-agent-2026-08-27,Three-objective spherical front; default n_variables = n_objectives + 10 - 1 = 12.,monte_carlo,200
